,epoch,avg_loss_D,std_loss_D,avg_loss_G,std_loss_G,avg_loss_GAN,std_loss_GAN,avg_loss_cycle,std_loss_cycle,avg_loss_identity,std_loss_identity
0,0,0.21008703538637502,0.17864037876912361,4.108500976639862,1.0299994044445726,0.4875282059584055,0.23996759916194815,0.24740515424983575,0.06844956302741369,0.22938424491277462,0.06402644638196216
