,epoch,avg_loss_D,std_loss_D,avg_loss_G,std_loss_G,avg_loss_GAN,std_loss_GAN,avg_loss_cycle,std_loss_cycle,avg_loss_identity,std_loss_identity
0,44,0.09878336937829357,0.0473604829873248,2.1515266667380133,0.3942343441309864,0.6498632942711072,0.1749950601365789,0.1037592447148193,0.02350517627404639,0.09281418532019335,0.026551736664793074
